{"owner":3395697,"labelType":"AMERICAN_2016","foodTags":[],"source":"Custom","barcodes":[],"nutrients":[{"amount":0.101363869053,"id":512,"type":"PRIMARY"},{"amount":0.259637119465,"id":513,"type":"PRIMARY"},{"amount":0.94133163531425,"id":514,"type":"PRIMARY"},{"amount":0.81784954110375,"id":515,"type":"PRIMARY"},{"amount":0.28342626514025004,"id":516,"type":"PRIMARY"},{"amount":0.7269753600040001,"id":517,"type":"PRIMARY"},{"amount":17.360845016061997,"id":645,"type":"PRIMARY"},{"amount":0,"id":262,"type":"PRIMARY"},{"amount":0.2701722386905,"id":518,"type":"PRIMARY"},{"amount":46.92412496135525,"id":646,"type":"PRIMARY"},{"amount":6.703405273682501,"id":269,"type":"PRIMARY"},{"amount":5.47662380030125,"id":10001,"type":"PRIMARY"},{"amount":23.884543247374996,"id":401,"type":"PRIMARY"},{"amount":41.210284656285005,"id":10002,"type":"PRIMARY"},{"amount":0.13146322261025,"id":404,"type":"PRIMARY"},{"amount":31.5,"id":10005,"type":"PRIMARY"},{"amount":0.5211294109910001,"id":405,"type":"PRIMARY"},{"amount":3.057875094665,"id":406,"type":"PRIMARY"},{"amount":0.022299531249999997,"id":10007,"type":"PRIMARY"},{"amount":0.33,"id":10009,"type":"PRIMARY"},{"amount":1.13819187469325,"id":410,"type":"PRIMARY"},{"amount":16.370385781125,"id":10012,"type":"PRIMARY"},{"amount":0.4053642391275,"id":287,"type":"PRIMARY"},{"amount":0.684963581674,"id":415,"type":"PRIMARY"},{"amount":36.96118329425,"id":417,"type":"PRIMARY"},{"amount":0.495,"id":418,"type":"PRIMARY"},{"amount":10.502020025025,"id":291,"type":"PRIMARY"},{"amount":59.783955983474996,"id":421,"type":"PRIMARY"},{"amount":149.59186044425002,"id":301,"type":"PRIMARY"},{"amount":191.9822698608107,"id":430,"type":"PRIMARY"},{"amount":6.677723565540001,"id":303,"type":"PRIMARY"},{"amount":63.48231879550001,"id":304,"type":"PRIMARY"},{"amount":184.27752083500002,"id":305,"type":"PRIMARY"},{"amount":812.9787373,"id":306,"type":"PRIMARY"},{"amount":3056.12568428925,"id":307,"type":"PRIMARY"},{"amount":12.053746884705001,"id":-1205,"type":"PRIMARY"},{"amount":1.7019361735725,"id":309,"type":"PRIMARY"},{"amount":0.24812246254525,"id":312,"type":"PRIMARY"},{"amount":0.12,"id":313,"type":"PRIMARY"},{"amount":0.5309820613575,"id":315,"type":"PRIMARY"},{"amount":9.098022749925,"id":317,"type":"PRIMARY"},{"amount":15.5,"id":319,"type":"PRIMARY"},{"amount":715.4187523886665,"id":320,"type":"PRIMARY"},{"amount":7433.48319282475,"id":321,"type":"PRIMARY"},{"amount":168.87968181000002,"id":322,"type":"PRIMARY"},{"amount":11.808826558595,"id":323,"type":"PRIMARY"},{"amount":7.000000000000001,"id":324,"type":"PRIMARY"},{"amount":39.07613115721068,"id":-203,"type":"PRIMARY"},{"amount":10.367125811840001,"id":203,"type":"PRIMARY"},{"amount":707.5534561235858,"id":-204,"type":"PRIMARY"},{"amount":78.88845392169998,"id":204,"type":"PRIMARY"},{"amount":58.71470275050022,"id":-205,"type":"PRIMARY"},{"amount":22.578066440980002,"id":205,"type":"PRIMARY"},{"amount":1760.2114432437502,"id":334,"type":"PRIMARY"},{"amount":10.731057606817501,"id":207,"type":"PRIMARY"},{"amount":807.3155679782499,"id":208,"type":"PRIMARY"},{"amount":0,"id":337,"type":"PRIMARY"},{"amount":2.703904892272502,"id":209,"type":"PRIMARY"},{"amount":5410.63525652275,"id":338,"type":"PRIMARY"},{"amount":0.9810252994675,"id":210,"type":"PRIMARY"},{"amount":1.4104788568045232,"id":211,"type":"PRIMARY"},{"amount":2.6365369066325,"id":212,"type":"PRIMARY"},{"amount":0.8392233280150476,"id":341,"type":"PRIMARY"},{"amount":1.27,"id":213,"type":"PRIMARY"},{"amount":36.787796762404994,"id":342,"type":"PRIMARY"},{"amount":0,"id":214,"type":"PRIMARY"},{"amount":10.24007469854,"id":343,"type":"PRIMARY"},{"amount":44.5,"id":601,"type":"PRIMARY"},{"amount":0,"id":-221,"type":"PRIMARY"},{"amount":0.19,"id":605,"type":"PRIMARY"},{"amount":0,"id":221,"type":"PRIMARY"},{"amount":12.40809067109575,"id":606,"type":"PRIMARY"},{"amount":0.04009483147475001,"id":501,"type":"PRIMARY"},{"amount":0.2001828968415,"id":502,"type":"PRIMARY"},{"amount":0.23710255241825,"id":503,"type":"PRIMARY"},{"amount":0.36910622713,"id":504,"type":"PRIMARY"},{"amount":0.28298192789,"id":505,"type":"PRIMARY"},{"amount":0.09601909104275001,"id":506,"type":"PRIMARY"},{"amount":0.0917439471375,"id":507,"type":"PRIMARY"},{"amount":49.611665425000005,"id":636,"type":"PRIMARY"},{"amount":0.24174233815425,"id":508,"type":"PRIMARY"},{"amount":0.16096836597525002,"id":509,"type":"PRIMARY"},{"amount":0.29979180217625,"id":510,"type":"PRIMARY"},{"amount":133.28345366741246,"id":255,"type":"PRIMARY"},{"amount":0.34161086220924997,"id":511,"type":"PRIMARY"}],"meal":false,"measures":[{"amount":1,"name":"g","id":88320094,"type":"Recipe","value":256.348057425,"derived":false},{"amount":1,"name":"serving","id":88320092,"type":"Recipe","value":4,"derived":false},{"amount":1,"name":"full recipe","id":88320093,"type":"Recipe","value":1,"derived":false}],"rawImports":{"7220":"a sprinkle smoked paprika","218101":"50 g greek yogurt","460001":"1/4 lemon","459762":"a sprinkle dried oregano","7291":"salt","454536":"100 g mayonnaise","455653":"10 g white vinegar"},"defaultMeasureId":88320092,"translations":[{"translationId":34727895,"name":"Street Cart Chicken & Yellow Rice (White Sauce)","languageCode":"en"}],"name":"Street Cart Chicken & Yellow Rice (White Sauce)","ingredients":[{"measureId":1018990,"translationId":0,"foodId":454536,"grams":100,"value":100},{"measureId":502857,"translationId":0,"foodId":218101,"grams":50,"value":50},{"measureId":1024744,"translationId":0,"foodId":455653,"grams":10,"value":10},{"measureId":1047094,"translationId":0,"foodId":460001,"grams":60.998437499999994,"value":60.998437499999994},{"measureId":1045870,"translationId":0,"foodId":459762,"grams":1.0000968250000002,"value":1.0000968250000002},{"measureId":809558,"translationId":0,"foodId":7220,"grams":28.3495231,"value":28.3495231},{"measureId":20097,"translationId":0,"foodId":7291,"grams":6,"value":6}],"retired":false,"id":31764069,"category":0,"properties":{"advancedServingSize":"false"}}