{"owner":3395697,"labelType":"AMERICAN_2016","foodTags":[],"source":"Custom","barcodes":[],"nutrients":[{"amount":3.4776783360295007,"id":512,"type":"PRIMARY"},{"amount":6.9945327803735,"id":513,"type":"PRIMARY"},{"amount":10.508379485390003,"id":514,"type":"PRIMARY"},{"amount":17.536420076104005,"id":515,"type":"PRIMARY"},{"amount":5.542453797602,"id":516,"type":"PRIMARY"},{"amount":7.176319488088501,"id":517,"type":"PRIMARY"},{"amount":11.86913462406995,"id":645,"type":"PRIMARY"},{"amount":0,"id":262,"type":"PRIMARY"},{"amount":5.131918466516001,"id":518,"type":"PRIMARY"},{"amount":12.253468595402904,"id":646,"type":"PRIMARY"},{"amount":2.1006165376170003,"id":269,"type":"PRIMARY"},{"amount":1.0373437573455502,"id":10001,"type":"PRIMARY"},{"amount":10.94566534543,"id":401,"type":"PRIMARY"},{"amount":10.85637714349615,"id":10002,"type":"PRIMARY"},{"amount":0.37201075178970006,"id":404,"type":"PRIMARY"},{"amount":220,"id":10005,"type":"PRIMARY"},{"amount":1.800511780973,"id":405,"type":"PRIMARY"},{"amount":31.122464191454004,"id":406,"type":"PRIMARY"},{"amount":0.18838720000000003,"id":10007,"type":"PRIMARY"},{"amount":0.663,"id":10009,"type":"PRIMARY"},{"amount":5.05590687686935,"id":410,"type":"PRIMARY"},{"amount":450.85438168005004,"id":10012,"type":"PRIMARY"},{"amount":0.049248941572499996,"id":287,"type":"PRIMARY"},{"amount":2.2532685343656498,"id":415,"type":"PRIMARY"},{"amount":55.23643692875001,"id":417,"type":"PRIMARY"},{"amount":7.484268000000001,"id":418,"type":"PRIMARY"},{"amount":10.702260786385,"id":291,"type":"PRIMARY"},{"amount":448.26103885541005,"id":421,"type":"PRIMARY"},{"amount":335.72284715880005,"id":301,"type":"PRIMARY"},{"amount":77.06766609987,"id":430,"type":"PRIMARY"},{"amount":14.062365458684502,"id":303,"type":"PRIMARY"},{"amount":212.48634578185005,"id":304,"type":"PRIMARY"},{"amount":1052.9809728236,"id":305,"type":"PRIMARY"},{"amount":1586.3466426930001,"id":306,"type":"PRIMARY"},{"amount":2674.26205877055,"id":307,"type":"PRIMARY"},{"amount":19.6841730452545,"id":-1205,"type":"PRIMARY"},{"amount":16.843296162988,"id":309,"type":"PRIMARY"},{"amount":0.9774109090912,"id":312,"type":"PRIMARY"},{"amount":6.8400002,"id":313,"type":"PRIMARY"},{"amount":9.564888795198053,"id":315,"type":"PRIMARY"},{"amount":146.65883719547995,"id":317,"type":"PRIMARY"},{"amount":24.179600000000004,"id":319,"type":"PRIMARY"},{"amount":36.520224920840306,"id":320,"type":"PRIMARY"},{"amount":134.99968247175002,"id":321,"type":"PRIMARY"},{"amount":2.945,"id":322,"type":"PRIMARY"},{"amount":2.6986021642830003,"id":323,"type":"PRIMARY"},{"amount":45.35920000000001,"id":324,"type":"PRIMARY"},{"amount":547.7225134327313,"id":-203,"type":"PRIMARY"},{"amount":130.32845108358552,"id":203,"type":"PRIMARY"},{"amount":336.67307245035767,"id":-204,"type":"PRIMARY"},{"amount":37.41079840295001,"id":204,"type":"PRIMARY"},{"amount":92.31983703368432,"id":-205,"type":"PRIMARY"},{"amount":30.5748210316395,"id":205,"type":"PRIMARY"},{"amount":20.09760654645,"id":334,"type":"PRIMARY"},{"amount":12.910007340354502,"id":207,"type":"PRIMARY"},{"amount":977.6605599391002,"id":208,"type":"PRIMARY"},{"amount":4,"id":337,"type":"PRIMARY"},{"amount":14.861543707637502,"id":209,"type":"PRIMARY"},{"amount":162.23499999999999,"id":338,"type":"PRIMARY"},{"amount":0.495366525543,"id":210,"type":"PRIMARY"},{"amount":0.6754919559510001,"id":211,"type":"PRIMARY"},{"amount":0.6810091165505001,"id":212,"type":"PRIMARY"},{"amount":0.12555,"id":341,"type":"PRIMARY"},{"amount":0,"id":213,"type":"PRIMARY"},{"amount":8.0733868,"id":342,"type":"PRIMARY"},{"amount":0,"id":214,"type":"PRIMARY"},{"amount":1.6599276,"id":343,"type":"PRIMARY"},{"amount":585.3977600000001,"id":601,"type":"PRIMARY"},{"amount":0,"id":-221,"type":"PRIMARY"},{"amount":0.4071884743961,"id":605,"type":"PRIMARY"},{"amount":0,"id":221,"type":"PRIMARY"},{"amount":10.058147887476803,"id":606,"type":"PRIMARY"},{"amount":1.3670161883145002,"id":501,"type":"PRIMARY"},{"amount":4.668010170786999,"id":502,"type":"PRIMARY"},{"amount":3.7443187856160005,"id":503,"type":"PRIMARY"},{"amount":9.022962830860003,"id":504,"type":"PRIMARY"},{"amount":10.522874762545504,"id":505,"type":"PRIMARY"},{"amount":3.3509081019920006,"id":506,"type":"PRIMARY"},{"amount":1.2381738792205,"id":507,"type":"PRIMARY"},{"amount":18.400000000000002,"id":636,"type":"PRIMARY"},{"amount":4.2056466037445,"id":508,"type":"PRIMARY"},{"amount":3.8737641526585,"id":509,"type":"PRIMARY"},{"amount":4.222651055131001,"id":510,"type":"PRIMARY"},{"amount":338.06414213547066,"id":255,"type":"PRIMARY"},{"amount":7.317632888688001,"id":511,"type":"PRIMARY"}],"meal":false,"measures":[{"amount":1,"name":"serving","id":88319923,"type":"Recipe","value":4,"derived":false},{"amount":1,"name":"full recipe","id":88319924,"type":"Recipe","value":1,"derived":false},{"amount":1,"name":"g","id":88319925,"type":"Recipe","value":549.924627715,"derived":false}],"rawImports":{"459767":"5 g cumin seeds","454540":"30 g mayonnaise","7287":"20 cranks black pepper","462802":"1 lb chicken thighs,boneless","4465":"3 cloves fresh garlic","181209":"5 g salt","459762":"2 g dried oregano","450556":"5 whole cloves","452114":"1/4 lemon"},"defaultMeasureId":88319923,"translations":[{"translationId":34727828,"name":"Street Cart Chicken & Yellow Rice","languageCode":"en"}],"name":"Street Cart Chicken & Yellow Rice","ingredients":[{"measureId":1080860,"translationId":0,"foodId":462802,"grams":453.59200000000004,"value":453.59200000000004},{"measureId":420307,"translationId":0,"foodId":181209,"grams":5,"value":5},{"measureId":997211,"translationId":0,"foodId":450556,"grams":10.832627715000001,"value":10.832627715000001},{"measureId":1045902,"translationId":0,"foodId":459767,"grams":5,"value":5},{"measureId":1045874,"translationId":0,"foodId":459762,"grams":2,"value":2},{"measureId":20084,"translationId":0,"foodId":7287,"grams":20,"value":20},{"measureId":12424,"translationId":0,"foodId":4465,"grams":9,"value":9},{"measureId":1006158,"translationId":0,"foodId":452114,"grams":14.5,"value":14.5},{"measureId":1019011,"translationId":0,"foodId":454540,"grams":30,"value":30}],"retired":false,"id":31764011,"category":0,"properties":{"advancedServingSize":"false"}}