{"owner":3395697,"labelType":"AMERICAN_2016","foodTags":[],"source":"Custom","barcodes":[],"nutrients":[{"amount":0.03989,"id":512,"type":"PRIMARY"},{"amount":0.07361000000000001,"id":513,"type":"PRIMARY"},{"amount":0.12014,"id":514,"type":"PRIMARY"},{"amount":0.13329,"id":515,"type":"PRIMARY"},{"amount":0.034949999999999995,"id":516,"type":"PRIMARY"},{"amount":0.08372,"id":517,"type":"PRIMARY"},{"amount":0.5531900000000001,"id":645,"type":"PRIMARY"},{"amount":0,"id":262,"type":"PRIMARY"},{"amount":0.01185,"id":518,"type":"PRIMARY"},{"amount":1.6998099949999999,"id":646,"type":"PRIMARY"},{"amount":12.793000000000001,"id":269,"type":"PRIMARY"},{"amount":0.1395400015,"id":10001,"type":"PRIMARY"},{"amount":30.6500001,"id":401,"type":"PRIMARY"},{"amount":1.56027,"id":10002,"type":"PRIMARY"},{"amount":0.0772000005,"id":404,"type":"PRIMARY"},{"amount":0.19150000150000002,"id":405,"type":"PRIMARY"},{"amount":1.7692000099999998,"id":406,"type":"PRIMARY"},{"amount":0.05626,"id":10007,"type":"PRIMARY"},{"amount":9.980034188495408,"id":10009,"type":"PRIMARY"},{"amount":0.1106,"id":410,"type":"PRIMARY"},{"amount":45.53,"id":10012,"type":"PRIMARY"},{"amount":0,"id":287,"type":"PRIMARY"},{"amount":0.5132,"id":415,"type":"PRIMARY"},{"amount":24.390000000000004,"id":417,"type":"PRIMARY"},{"amount":0,"id":418,"type":"PRIMARY"},{"amount":6.25200005,"id":291,"type":"PRIMARY"},{"amount":11.779,"id":421,"type":"PRIMARY"},{"amount":44.68,"id":301,"type":"PRIMARY"},{"amount":16.06000015,"id":430,"type":"PRIMARY"},{"amount":1.7738000105999998,"id":303,"type":"PRIMARY"},{"amount":34.28,"id":304,"type":"PRIMARY"},{"amount":65.24,"id":305,"type":"PRIMARY"},{"amount":444.5,"id":306,"type":"PRIMARY"},{"amount":2337.16,"id":307,"type":"PRIMARY"},{"amount":17.73854,"id":-1205,"type":"PRIMARY"},{"amount":0.5354,"id":309,"type":"PRIMARY"},{"amount":0.10082999994000003,"id":312,"type":"PRIMARY"},{"amount":0.12,"id":313,"type":"PRIMARY"},{"amount":0.4426,"id":315,"type":"PRIMARY"},{"amount":2.19200001,"id":317,"type":"PRIMARY"},{"amount":0,"id":319,"type":"PRIMARY"},{"amount":416.45125,"id":320,"type":"PRIMARY"},{"amount":4368.87,"id":321,"type":"PRIMARY"},{"amount":0.29,"id":322,"type":"PRIMARY"},{"amount":6.0095,"id":323,"type":"PRIMARY"},{"amount":0,"id":324,"type":"PRIMARY"},{"amount":9.142766008686642,"id":-203,"type":"PRIMARY"},{"amount":2.721,"id":203,"type":"PRIMARY"},{"amount":29.638592512428716,"id":-204,"type":"PRIMARY"},{"amount":3.541,"id":204,"type":"PRIMARY"},{"amount":72.08290107888465,"id":-205,"type":"PRIMARY"},{"amount":24.04680005,"id":205,"type":"PRIMARY"},{"amount":1256.2,"id":334,"type":"PRIMARY"},{"amount":7.39400018,"id":207,"type":"PRIMARY"},{"amount":119.71000000000001,"id":208,"type":"PRIMARY"},{"amount":0,"id":337,"type":"PRIMARY"},{"amount":0.9544999999999998,"id":209,"type":"PRIMARY"},{"amount":2634.5899999999997,"id":338,"type":"PRIMARY"},{"amount":10.154,"id":210,"type":"PRIMARY"},{"amount":1.002,"id":211,"type":"PRIMARY"},{"amount":1.12,"id":212,"type":"PRIMARY"},{"amount":0,"id":341,"type":"PRIMARY"},{"amount":0,"id":213,"type":"PRIMARY"},{"amount":0,"id":342,"type":"PRIMARY"},{"amount":0,"id":214,"type":"PRIMARY"},{"amount":0,"id":343,"type":"PRIMARY"},{"amount":0,"id":601,"type":"PRIMARY"},{"amount":0,"id":-221,"type":"PRIMARY"},{"amount":0,"id":605,"type":"PRIMARY"},{"amount":0,"id":221,"type":"PRIMARY"},{"amount":0.66331,"id":606,"type":"PRIMARY"},{"amount":0.01824,"id":501,"type":"PRIMARY"},{"amount":0.01889,"id":502,"type":"PRIMARY"},{"amount":0.029999999999999995,"id":503,"type":"PRIMARY"},{"amount":0.041870000000000004,"id":504,"type":"PRIMARY"},{"amount":0.02615,"id":505,"type":"PRIMARY"},{"amount":0.01754,"id":506,"type":"PRIMARY"},{"amount":0.00976,"id":507,"type":"PRIMARY"},{"amount":4.15,"id":636,"type":"PRIMARY"},{"amount":0.031259999999999996,"id":508,"type":"PRIMARY"},{"amount":0.012379999999999999,"id":509,"type":"PRIMARY"},{"amount":0.04506,"id":510,"type":"PRIMARY"},{"amount":174.71820001000006,"id":255,"type":"PRIMARY"},{"amount":0.05754000000000001,"id":511,"type":"PRIMARY"}],"meal":false,"measures":[{"amount":1,"name":"g","id":88320121,"type":"Recipe","value":215,"derived":false},{"amount":1,"name":"serving","id":88320119,"type":"Recipe","value":4,"derived":false},{"amount":1,"name":"full recipe","id":88320120,"type":"Recipe","value":1,"derived":false}],"rawImports":{"7285":"5 g red pepper flakes","450503":"15 g cayenne pepper","455493":"100 g water","7291":"salt","452114":"1/2 lemon juice","450890":"10 g sugar","455653":"50 g white vinegar"},"defaultMeasureId":88320119,"translations":[{"translationId":34727905,"name":"Street Cart Chicken & Yellow Rice (Red Sauce)","languageCode":"en"}],"name":"Street Cart Chicken & Yellow Rice (Red Sauce)","ingredients":[{"measureId":1023805,"translationId":0,"foodId":455493,"grams":100,"value":100},{"measureId":1024744,"translationId":0,"foodId":455653,"grams":50,"value":50},{"measureId":996901,"translationId":0,"foodId":450503,"grams":15,"value":15},{"measureId":20077,"translationId":0,"foodId":7285,"grams":5,"value":5},{"measureId":1006158,"translationId":0,"foodId":452114,"grams":29,"value":29},{"measureId":999132,"translationId":0,"foodId":450890,"grams":10,"value":10},{"measureId":20097,"translationId":0,"foodId":7291,"grams":6,"value":6}],"retired":false,"id":31764078,"category":0,"properties":{"advancedServingSize":"false"}}